s3,website 
configs/liu-2019/PC/exhibit.json,https://www.cycif.org/data/liu-2019/PC
configs/liu-2019/PM/exhibit.json,https://www.cycif.org/data/liu-2019/PM
configs/liu-2019/D1307880A2/exhibit.json,https://www.cycif.org/data/liu-2019/D1307880A2
configs/liu-2019/PJ/exhibit.json,https://www.cycif.org/data/liu-2019/PJ
configs/liu-2019/P4/exhibit.json,https://www.cycif.org/data/liu-2019/P4
configs/liu-2019/PK/exhibit.json,https://www.cycif.org/data/liu-2019/PK
configs/liu-2019/PL/exhibit.json,https://www.cycif.org/data/liu-2019/PL
configs/liu-2019/D1307880B2/exhibit.json,https://www.cycif.org/data/liu-2019/D1307880B2
configs/liu-2019/PE/exhibit.json,https://www.cycif.org/data/liu-2019/PE
configs/liu-2019/PB/exhibit.json,https://www.cycif.org/data/liu-2019/PB
configs/liu-2019/D1400257B7/exhibit.json,https://www.cycif.org/data/liu-2019/D1400257B7
configs/liu-2019/PP/exhibit.json,https://www.cycif.org/data/liu-2019/PP
configs/liu-2019/P2/exhibit.json,https://www.cycif.org/data/liu-2019/P2
configs/liu-2019/P5/exhibit.json,https://www.cycif.org/data/liu-2019/P5
configs/liu-2019/D1308200D5/exhibit.json,https://www.cycif.org/data/liu-2019/D1308200D5
configs/liu-2019/N1/exhibit.json,https://www.cycif.org/data/liu-2019/N1
configs/liu-2019/D1401032A7/exhibit.json,https://www.cycif.org/data/liu-2019/D1401032A7
configs/liu-2019/D1308200C2/exhibit.json,https://www.cycif.org/data/liu-2019/D1308200C2
configs/liu-2019/D1400617C4/exhibit.json,https://www.cycif.org/data/liu-2019/D1400617C4
configs/liu-2019/98DTF1697/exhibit.json,https://www.cycif.org/data/liu-2019/98DTF1697
configs/liu-2019/98DTF1433/exhibit.json,https://www.cycif.org/data/liu-2019/98DTF1433
configs/liu-2019/98DTF14515/exhibit.json,https://www.cycif.org/data/liu-2019/98DTF14515
configs/liu-2019/D1307880D2/exhibit.json,https://www.cycif.org/data/liu-2019/D1307880D2
configs/liu-2019/P7/exhibit.json,https://www.cycif.org/data/liu-2019/P7
configs/liu-2019/P9/exhibit.json,https://www.cycif.org/data/liu-2019/P9
configs/liu-2019/PG/exhibit.json,https://www.cycif.org/data/liu-2019/PG
configs/liu-2019/D1306783A2/exhibit.json,https://www.cycif.org/data/liu-2019/D1306783A2
configs/liu-2019/P8/exhibit.json,https://www.cycif.org/data/liu-2019/P8
configs/liu-2019/P6/exhibit.json,https://www.cycif.org/data/liu-lin-2019/P6
configs/liu-2019/P1/exhibit.json,https://www.cycif.org/data/liu-2019/P1
configs/liu-2019/PO/exhibit.json,https://www.cycif.org/data/liu-2019/PO
configs/liu-2019/PH/exhibit.json,https://www.cycif.org/data/liu-2019/PH
configs/liu-2019/D1400257A2/exhibit.json,https://www.cycif.org/data/liu-2019/D1400257A2
configs/liu-2019/PA/exhibit.json,https://www.cycif.org/data/liu-2019/PA
configs/liu-2019/PF/exhibit.json,https://www.cycif.org/data/liu-2019/PF
configs/liu-2019/D1400617A4/exhibit.json,https://www.cycif.org/data/liu-2019/D1400617A4
configs/liu-2019/D1308200A2/exhibit.json,https://www.cycif.org/data/liu-2019/D1308200A2
configs/liu-2019/D1400617B2/exhibit.json,https://www.cycif.org/data/liu-2019/D1400617B2
configs/liu-2019/D1308200B4/exhibit.json,https://www.cycif.org/data/liu-2019/D1308200B4
configs/liu-2019/98DTF1425/exhibit.json,https://www.cycif.org/data/liu-2019/98DTF1425
configs/liu-2019/N3/exhibit.json,https://www.cycif.org/data/liu-2019/N3
configs/liu-2019/D1401032B2/exhibit.json,https://www.cycif.org/data/liu-2019/D1401032B2
configs/liu-2019/N2/exhibit.json,https://www.cycif.org/data/liu-2019/N2
configs/liu-2019/D1401032C1/exhibit.json,https://www.cycif.org/data/liu-2019/D1401032C1
configs/liu-2019/D1307880C2/exhibit.json,https://www.cycif.org/data/liu-2019/D1307880C2
configs/gaglia-2018/COLON_1/exhibit.json,https://www.cycif.org/data/gaglia-nat-cell-biol-2020/osd-COLON_1
configs/pca2018/ex1/exhibit.json,https://www.cycif.org/data/osd-3d-1
configs/pca2019/PC1_40a_153/config.json,https://www.cycif.org/data/pca-2019/osd-PC1_40a_153
configs/pca2019/pickseq_3_cycif/exhibit.json,https://www.cycif.org/data/pca-2019/osd-3_cycif
configs/pca2019/pickseq_1_cycif/exhibit.json,https://www.cycif.org/data/pca-2019/osd-1_cycif
configs/pca2019/z136_1/exhibit.json,https://www.cycif.org/pca-2019/osd-z136_1
configs/pca2019/pickseq_2_cycif/exhibit.json,https://www.cycif.org/data/pca-2019/osd-2_cycif
configs/gaglia-PCQ-2020/0813/exhibit.json,https://www.cycif.org/data/gaglia-PCQ-2020/osd-0813
configs/lin-chen-campton-2022/P37_S57-CRC08/exhibit.json,
configs/lin-chen-campton-2022/P37_S38-CRC10/exhibit.json,
configs/lin-chen-campton-2022/P37_S66-CRC29/exhibit.json,
configs/lin-chen-campton-2022/P37_S76_01-CRC33_01/exhibit.json,
configs/lin-chen-campton-2022/P37_S34-CRC06/exhibit.json,
configs/lin-chen-campton-2022/P37_S64-CRC27/exhibit.json,
configs/lin-chen-campton-2022/P37_S78-CRC35/exhibit.json,
configs/lin-chen-campton-2022/P37_S29-CRC01/exhibit.json,
configs/lin-chen-campton-2022/P37_S76_02-CRC33_02/exhibit.json,
configs/lin-chen-campton-2022/P37_S37-CRC09/exhibit.json,
configs/lin-chen-campton-2022/P37_S65-CRC28/exhibit.json,
configs/lin-chen-campton-2022/P37_S58-CRC21/exhibit.json,
configs/lin-chen-campton-2022/P37_S35-CRC07/exhibit.json,
configs/lin-chen-campton-2022/P37_S43-CRC11/exhibit.json,
configs/lin-chen-campton-2022/P37_S74-CRC31/exhibit.json,
configs/lin-chen-campton-2022/P37_S63-CRC26/exhibit.json,
configs/lin-chen-campton-2022/P37_S50-CRC18/exhibit.json,
configs/lin-chen-campton-2022/P37_S59-CRC22/exhibit.json,
configs/lin-chen-campton-2022/P37_S49-CRC17/exhibit.json,
configs/lin-chen-campton-2022/P37_S52-CRC20/exhibit.json,
configs/lin-chen-campton-2022/P37_S46-CRC14/exhibit.json,
configs/lin-chen-campton-2022/P37_S60-CRC23/exhibit.json,
configs/lin-chen-campton-2022/P37_S30-CRC02/exhibit.json,
configs/lin-chen-campton-2022/P37_S81-CRC38/exhibit.json,
configs/lin-chen-campton-2022/P37_S62-CRC25/exhibit.json,
configs/lin-chen-campton-2022/P37_S44-CRC12/exhibit.json,
configs/lin-chen-campton-2022/P37_S67-CRC30/exhibit.json,
configs/lin-chen-campton-2022/P37_S32-CRC04/exhibit.json,
configs/lin-chen-campton-2022/P37_S75-CRC32/exhibit.json,
configs/lin-chen-campton-2022/P37_S77-CRC34/exhibit.json,
configs/lin-chen-campton-2022/P37_S79-CRC36/exhibit.json,
configs/lin-chen-campton-2022/P37_S51-CRC19/exhibit.json,
configs/lin-chen-campton-2022/P37_S83-CRC40/exhibit.json,
configs/lin-chen-campton-2022/P37_S48-CRC16/exhibit.json,
configs/lin-chen-campton-2022/P37_S47-CRC15/exhibit.json,
configs/lin-chen-campton-2022/P37_S31-CRC03/exhibit.json,
configs/lin-chen-campton-2022/P37_S45-CRC13/exhibit.json,
configs/lin-chen-campton-2022/P37_S80-CRC37/exhibit.json,
configs/lin-chen-campton-2022/P37_S33-CRC05/exhibit.json,
configs/lin-chen-campton-2022/P37_S61-CRC24/exhibit.json,
configs/lin-chen-campton-2022/P37_S82-CRC39/exhibit.json,
configs/tnp-sardana/crc-case-1-ffpe-cycif/exhibit.json,https://www.cycif.org/data/tnp-2020/osd-crc-case-1-ffpe-cycif
configs/pca-2020/PCA_Z136_10b/exhibit.json,https://www.cycif.org/data/pca-2020/osd-PCA_Z136_10b
configs/oms2019/B963/exhibit.json,
configs/gross-2022/exhibit.json,
configs/-maliga-2022/P137941/exhibit.json,
configs/-maliga-2022/P132666/exhibit.json,
configs/-maliga-2022/P137753/exhibit.json,
configs/-maliga-2022/P138007/exhibit.json,
configs/-maliga-2022/P132115/exhibit.json,
configs/-maliga-2022/P137974/exhibit.json,
configs/-maliga-2022/P132630/exhibit.json,
configs/-maliga-2022/P136690/exhibit.json,
configs/-maliga-2022/P137757/exhibit.json,
configs/-maliga-2022/P137591/exhibit.json,
configs/-maliga-2022/P137905/exhibit.json,
configs/-maliga-2022/P133537/exhibit.json,
configs/lin-elife-2018/figure-2/exhibit.json,https://www.cycif.org/data/lin-elife-2018/osd-figure2
configs/nirmal-vallius-maliga-2021/Z147/exhibit.json,https://www.cycif.org/data/nirmal-vallius-maliga-2021/viz
configs/Nature-protocol-2019/LUNG_3/exhibit.json,https://www.cycif.org/data/du-lin-rashid-nat-protoc-2019/osd-LUNG_3
configs/Nature-protocol-2019/LUNG_2/exhibit.json,https://www.cycif.org/data/du-lin-rashid-nat-protoc-2019/osd-LUNG_2
configs/Nature-protocol-2019/TONSIL_1/exhibit.json,https://www.cycif.org/data/du-lin-rashid-nat-protoc-2019/osd-TONSIL_1
configs/Nature-protocol-2019/LUNG_1/exhibit.json,https://www.cycif.org/data/du-lin-rashid-nat-protoc-2019/osd-LUNG_1
configs/Nature-protocol-2019/TONSIL_IHC/exhibit.json,https://www.cycif.org/data/du-lin-rashid-nat-protoc-2019/osd-TONSIL_IHC
configs/lin-wang-coy-2021/reg_96_97/exhibit.json,https://www.cycif.org/data/lin-wang-coy-2021/overview
configs/-2021/all-channels/CRC10/exhibit.json,
configs/-2021/all-channels/CRC17/exhibit.json,
configs/-2021/all-channels/CRC16/exhibit.json,
configs/-2021/all-channels/CRC11/exhibit.json,
configs/-2021/all-channels/CRC02/exhibit.json,
configs/-2021/all-channels/CRC05/exhibit.json,
configs/-2021/all-channels/CRC04/exhibit.json,
configs/-2021/all-channels/CRC03/exhibit.json,
configs/-2021/all-channels/CRC14/exhibit.json,
configs/-2021/all-channels/CRC13/exhibit.json,
configs/-2021/all-channels/CRC12/exhibit.json,
configs/-2021/all-channels/CRC15/exhibit.json,
configs/-2021/all-channels/CRC06/exhibit.json,
configs/-2021/all-channels/CRC08/exhibit.json,
configs/-2021/all-channels/CRC09/exhibit.json,
configs/-2021/all-channels/CRC07/exhibit.json,
configs/lin-wang-coy-2021/data-viz-97/exhibit.json,https://www.cycif.org/data/lin-wang-coy-2021/viz
configs/tnp-2020/crc-case-1-ffpe-cycif-pilot/exhibit.json,https://www.cycif.org/data/tnp-2020/osd-crc-case-1-ffpe-cycif-pilot
configs/tnp-2020/ashlar-75682-deconvolved/exhibit.json,https://www.cycif.org/data/tnp-2020/osd-crc-case-2-ffpe-mihc-pilot
configs/duraiswamy-2020/C0156/exhibit.json,
configs/duraiswamy-2020/C0138/exhibit.json,
